{"intents": [
        {"tag": "",
         "patterns": [""],
         "responses": ["Sorry, can't understand you", "Please type a question"],
         "context": [""]
        },
        {"tag": "greeting",
         "patterns": ["Hi there", "How are you", "Good morning","Good afternoon","Good evening","Is anyone there?","Hey","Hola", "Hello", "Good day", "yo","What is your name?"],
         "responses": ["Hello, I'm Enquiry Chatbot of NHITM", "Good to see you again", "Hi there, how can I help?"],
         "context": [""]
        },
        {"tag": "goodbye",
         "patterns": ["Bye", "See you later", "Goodbye","Good night","goodnight","Nice chatting to you, bye", "Till next time"],
         "responses": ["See you!", "Have a nice day", "Bye! Come back again soon."],
         "context": [""]
        },
        {"tag": "thanks",
         "patterns": ["Thanks", "Thank you", "That's helpful", "Awesome, thanks", "Thanks for helping me"],
         "responses": ["Happy to help!", "Any time!", "My pleasure"],
         "context": [""]
        },
        {"tag": "help",
         "patterns": ["How you could help me?","I need help", "What you can do?", "What help you provide?", "How you can be helpful?", "What support is offered"],
         "responses": ["I can guide you to get information about the NHITM campus","I can - 1) Lead you to principal's cabin 2) Lead you to HOD's cabin of various departments 3) give you room no.s about various labs and workshops"],
         "context": [""]
        },
        {"tag": "cam_pus",
         "patterns": ["Guide me about NHITM campus", "Tell me about infrastructure of NHITM", "describe NHITM campus", "What are the facilities provided in NHITM campus?","Tell me about this college","Tell me something about the college","Tell me something about New horizon institute of technology","New horizon institute of technology"],
         "responses": ["New Horizon Institute of Technology & Management  showcases facilities which include aesthetically designed, spacious lecture rooms which can comfortably house 60 students each."],
         "context": [""]
        },
        {"tag": "branc_hes",
         "patterns": ["What branches do you offer?", "What departments does this college provide?", "Is IT branch available?", "What branches are available?"],
         "responses": ["Following branches are available here:            1)Computer 2)Civil 3)Mechanical 4)Electrical 5)Mechatronics"],
         "context": [""]
        },
        {"tag": "computer",
         "patterns": ["Give some information about computer department", "comp","comps","What are the opportunities in computer department?","computer"],
         "responses": ["Department of Computer Engineering is the largest and most strong department of its kind in Mumbai University. NHITM has 5 computer labs solely dedicated to this branch and its HOD is Dr. Sanjay Sharma."],
         "context": [""]
        },
	{"tag": "civil",
         "patterns": ["Give some information about civil department", "What are the opportunities in civil department?","civil"],
         "responses": ["Department of Civil Engineering reflects the  importance and legacy of the discipline. NHITM has 3 labs dedicated to civil branch. HOD of Civil section is ."],
         "context": [""]
        },
	{"tag": "mechanical",
         "patterns": ["Give some information about mechanical department","mech", "What are the opportunities in mechanical department?","mechanical"],
         "responses": ["Mechanical Engineering is the discipline that applies the principles of Mechanics  for the analysis, design, manufacturing and maintenance of machines. Acknowledged for its infrastructure and advanced labs, this branch is a feather in the crown of NHITM. Prof. Satish Silaskar is HOD of Mechanical."],
         "context": [""]
        },
	{"tag": "Electrical",
         "patterns": ["Give some information about electrical department", "ele","What are the opportunities in electrical department?","electrical"],
         "responses": ["Electrical engineering is an engineering discipline concerned with the study, design and application of equipment, devices and systems which use electricity, electronics, and electromagnetism. HOD of Electrical is Mr. Niranjan Kulkarni"],
         "context": [""]
        },
	{"tag": "Mechatronics",
         "patterns": ["Give some information about mechatronics department", "mtrx","What are the opportunities in mechatronics department?","mechatronics"],
         "responses": ["Mechatronics Engg focuses on both electrical and mechanical systems. & also includes a combination of robotics, electronics, computer, telecommunications, systems, control, and product engineering. NHITM is one of the only 2 colleges under Mumbai University providing this branch. HOD of MTRX is Mr. Vilas Mhapare"],
         "context": [""]
        },
 
        {"tag": "program",
         "patterns": ["What programs do you offer?","program","What all programs do you provide?"],
         "responses": ["We offer Undergraduation program"],
         "context": [""]
        },
        {"tag": "ragging",
         "patterns": ["Is there any anti ragging committee in college?","anti ragging","anti-ragging"],
         "responses": ["Yes, we have an anti-ragging committee in college."],
         "context": [""]
        },
        {"tag": "wifi",
         "patterns": ["Is the campus wifi enabled?","wifi","wi-fi","Is there wifi facility in campus?","Does college provide any wifi facility?"],
         "responses": ["yes, the campus provides wifi facility."],
         "context": []
        },
        {"tag": "affiliated",
         "patterns": ["Is the college affiliated to Mumbai University?","University","Is the college non autonomous?"],
         "responses": ["The college is non autonomous & affiliated to Mumbai University"],
         "context": [""]
        },
	{"tag": "office",
         "patterns": ["Where is the office located?","office","Where is office located?"],
         "responses": ["Office is located in the basement"],
         "context": [""]
        },
        {"tag": "who",
         "patterns": ["Who are you", "Who you", "Why are you","What is your name?","What are you?"],
         "responses": ["I'm Enquiry Chatbot of NHITM, ready to help you."],
         "context": [""]
        },
        {"tag": "fee_s",
         "patterns": ["Where can I pay my fees?", "How to pay the fees", "What is the fee structure?","What is the mode of payment","Can I pay fees by cheque?","Can I pay fees in cash?"],
         "responses": ["The fees is to be payed only in form of Demand Draft and should be submitted at the office in basement."],
         "context": [""]
        },
        {"tag": "timing_s",
         "patterns": ["What are the college timings?","time","What are the college working hours?","When does the college start ?"],
         "responses": ["The working hours of college are from 9am to 5pm; from Monday to Friday."],
         "context": [""]
        },
        {"tag": "canteen",
         "patterns": ["Is there canteen facility?","Do you have canteen?","What about the food?","Where is the canteen?","Can you direct me to the canteen?","What about the canteen?"],
         "responses": ["NHITM provides a paid canteen facility in the basement. The food in canteen is fresh and served hot."],
         "context": [""]
        },
        {"tag": "hostel",
         "patterns": ["Do you have hostel facility in college?","Does college provide any hostel for far away students?","Does college provide any hostel for outside students?","hostel"],
         "responses": ["We do not have any hostel yet."],
         "context": [""]
        },
        {"tag": "ratio",
         "patterns": ["What is the student to teacher ratio?","What is the maximum class strength?"],
         "responses": ["The student to teacher ratio is maximum 60:1"],
         "context": [""]
        },
        {"tag": "scholarship",
         "patterns": ["On what basis do students get scholarship?","do students get any scholarship here?","is there any scholarship facility in college?","scholarship","scholarships"],
         "responses": ["On what basis do students get scholarship on basis of their annual income."],
         "context": [""]
        },
        {"tag": "clubs",
         "patterns": ["What clubs do you have on campus?","Are there any clubs on campus?","clubs","club","mesa","mxesa","aces","csi"],
         "responses": ["We have cultural club, technical club, social club, nss, yoga club, advertising club, MESA, CSI, ACES"],
         "context": [""]
        },
        {"tag": "website",
         "patterns": ["Do you have a website?","Take me to the college website","What is the college website id?"],
         "responses": ["Here is our website: https://nhitm.ac.in/"],
         "context": [""]
        },
        {"tag": "hate",
         "patterns": ["I hate you","I like you"],
         "responses": ["I Like You!"],
         "context": [""]
        },
        {"tag": "create",
         "patterns": ["Who made you?","Who created you?","Who designed you?","By whom are you made ?"],
         "responses": ["I was created by Ms. Komal Pawoolkar, Ms. Deepika Rao from Computer Department of NHITM."],
         "context": [""]
        },
        {"tag": "reach",
         "patterns": ["How to reach campus?","Is it easy to get around campus?","What are transportation facilities?"],
         "responses": ["You can take any rickshaw or bus from Thane station to Anand nagar bus stop(10 km). Then you'll reach the college after a 10 minutes walk."],
         "context": [""]
        },
        {"tag": "bus",
         "patterns": ["Is college bus available?","Does college provide any bus facility?","Does college provide any transport facility?","Does college has any bus service?"],
         "responses": ["College provides bus facility till Thane station."],
         "context": [""]
        },
        {"tag": "air_conditioned",
         "patterns": ["Is college air conditioned?","A.C.","AC","Do you have ac?","air conditioner"],
         "responses": ["College does not have air conditioned rooms or labs. It has spacious classrooms with proper ventilation."],
         "context": [""]
        },
        {"tag": "audio_visual",
         "patterns": ["Is teaching done in audio visual way?","Method of teaching","AV","A.V."],
         "responses": ["The teaching is done in audio visual way. Chapters are taught using power point presentations."],
         "context": [""]
        },
        {"tag": "outside",
         "patterns": ["Can you get help from professor outside the classroom?","How can professors help us other than classroom?","professors"],
         "responses": ["Professors and students are connected 24*7 over Google Classroom."],
         "context": [""]
        },
        {"tag": "you_are",
         "patterns": ["You are smart","You are beautiful","You are"],
         "responses": ["Thankyou so much!"],
         "context": [""]
        },
        {"tag": "compliment",
         "patterns": ["Compliment me","Say about me","tell something about me","describe me","how am I?"],
         "responses": ["Well you are smart!"],
         "context": [""]
        },
	{"tag": "labs",
         "patterns": ["Display all labs","Show me all the labs","labs","lab","Display all lab","Show me all the lab"],
         "responses": ["Please frame the question with respect to the department"],
         "context": [""]
        },
	{"tag": "computer_lab",
         "patterns": ["Display all computer labs","What are the different computer labs in the college?","Which are the labs of computer department?","Mention all the labs of computer department"],
         "responses": ["There are total 6labs of computer department SF203,209,210,211,220"],
         "context": [""]
        },
	{"tag": "mechanical_lab",
         "patterns": ["Display all mechanical department labs","What are the labs of mechanical department?","Mention all the labs of mechanical department","Which are the labs of computer department?"],
         "responses": ["Mechanical department labs are UG 118,119,120,121,122,123,124"],
         "context": [""]
        },
	{"tag": "mechatronics_lab",
         "patterns": ["Display all Mechatronics labs","What are the different Mechatronics labs in the college?","Which are the labs of Mechatronics department?","Mention all the labs of Mechatronics department"],
         "responses": ["There are total 4 labs of Mechatronics department SF212,213,214,219"],
         "context": [""]
        },
	{"tag": "electrical_lab",
         "patterns": ["Display all electrical labs","What are the different electrical labs in the college?","Which are the labs of electrical department?","Mention all the labs of electrical department"],
         "responses": ["There are total 5labs of electrical department SF201,202,204,219,220"],
         "context": [""]
        },
	{"tag": "civil_lab",
         "patterns": ["Display all civil labs","What are the different civil labs in the college?","Which are the labs of civil department?","Mention all the labs of civil department"],
         "responses": ["There are total 3labs of civil department LG011,012,013"],
         "context": [""]
        },
	{"tag": "firstyear_lab",
         "patterns": ["Display all firstyear","What are the different firstyear labs in the college?","Which are the labs of firstyear department?","Mention all the labs of firstyear department"],
         "responses": ["There are total 3labs of appliedsciences department LG 003,004,005"],
         "context": [""]
        },
	{"tag": "classroomno",
         "patterns": ["Display all classrooms","Show me all the classrooms","classroom","classrooms","Display all classroom","Show me all the classroom"],
         "responses": ["Please frame the question with respect to the department"],
         "context": [""]
	},
	{"tag": "computerclassroom",
         "patterns": ["Display all computer classroom","What are the different computer classroom in the college?","Which are the classroom of computer department?","Mention all the classroom of computer department"],
         "responses": ["Computer department classrooms are UG109:-TE computers,UG110:-SE computers,SF215:- BE computers"],
         "context": [""]
        },
	{"tag": "mechanicalclassroom",
         "patterns": ["Display all mechanical department classroom","What are the classroom of mechanical department?","Mention all the classroom of mechanical department","Which are the classroom of computer department?"],
         "responses": ["Mechanical department classrooms are UG103:-SE mechanical,UG104:TE mechanical,UG120:-BE mechanical"],
         "context": [""]
        },
	{"tag": "mechatronicsclassroom",
         "patterns": ["Display all Mechatronics classroom","What are the different Mechatronics classroom in the college?","Which are the classroom of Mechatronics department?","Mention all the classroom of Mechatronics department"],
         "responses": ["Mechatronics department classrooms are UG111:-SE mechatronics,UG112:-TE mechatronics,SF214:-BE mechatronics"],
         "context": [""]
        },
	{"tag": "electricalclassroom",
         "patterns": ["Display all electrical classroom","What are the different electrical classroom in the college?","Which are the classroom of electrical department?","Mention all the classroom of electrical department"],
         "responses": ["Electrical department classrooms are SF201:-SE electrical,SF202:-TE electrical,SF204:-BE electrical"],
         "context": [""]
        },
	{"tag": "civilclassroom",
         "patterns": ["Display all civil classroom","What are the different civil classroom in the college?","Which are the classroom of civil department?","Mention all the classroom of civil department"],
         "responses": ["Civil department classrooms are LG "],
         "context": [""]
        },
	{"tag": "firstyearclassroom",
         "patterns": ["Display all first year classroom","What are the different first year classroom in the college?","Which are the classroom of first year department?","Mention all the classroom of first year department"],
         "responses": ["First year classrooms are UG101:- FE A, UG102:- FE B"],
         "context": [""]
        },
	{"tag": "common room",
         "patterns": ["Where is the girls common room?","girls common room"],
         "responses": ["Girls common room is UG 107 "],
         "context": [""]
        },
	{"tag": "exam",
         "patterns": ["Where is examination cell?","where is the examination cell?"],
         "responses": ["Examination cell is in room no UG114"],
         "context": [""]
        },
	{"tag": "seminarhall",
         "patterns": ["Where is the seminar hall","where are the seminar halls?"],
         "responses": ["There are 2 seminar halls UG115 & SF215 "],
         "context": [""]
        },
	{"tag": "boardroom",
         "patterns": ["Where is the board room located?","where is board room?","where is the board room?"],
         "responses": ["Board room is in the UG 116"],
         "context": [""]
        },
	{"tag": "language lab",
         "patterns": ["Where is language lab located?","where is language lab?","where is the language lab?"],
         "responses": ["Language lab is in UG 118"],
         "context": [""]
        },
	{"tag": "mechanical hod room",
         "patterns": ["Where is the  mechanical hod room located?","where is mechanical hod room?"],
         "responses": [" Mechanical hod room is in UG 119"],
         "context": [""]
        },
	{"tag": " heat transfer lab",
         "patterns": ["Where is the heat & transfer lab located?","Where is the heat and transfer lab located?","Where is the heat & transfer lab ?","Where is the heat and transfer lab ?"],
         "responses": ["Heat & transfer lab is in UG 120"],
         "context": [""]
        },
	
	{"tag": "mt&mqe lab",
         "patterns": ["Where is the  mt&mqe lab located?","Where is the  mt and mqe lab located?","Where is the  mt&mqe lab ?","Where is the  mt and mqe lab ?"],
         "responses": ["MT&MQE LAB is in UG 121"],
         "context": [""]
        },
	
	{"tag": "basic workshop",
         "patterns": ["Where is the  basic workshop located?","where is basic workshop?","where is basic practice workshop ?"],
         "responses": [" Basic workshop is in UG 122"],
         "context": [""]
        },
	{"tag": "DRAWING HALL",
         "patterns": ["Where is the  DRAWING HALL located?","where is the drawing hall?"],
         "responses": [" DRAWING HALL is in UG 123"],
         "context": [""]
        },
	{"tag": "TOM & MV LAB",
         "patterns": ["Where is the  TOM & MV LABlocated?","Where is the  TOM and MV LAB located?","Where is TOM & MV LAB located?","Where is TOM and MV LAB located?","Where is the  TOM & MV LAB?","Where is the  TOM and MV LAB?"],
         "responses": [" TOM & MV LAB is in UG 124"],
         "context": [""]
        },
	{"tag": "MATHS&ALGORITHM LAB",
         "patterns": ["Where is the  MATHS&ALGORITHM LAB located?","Where is the  MATHS and ALGORITHM LAB located?","Where is MATHS&ALGORITHM LAB located?","Where is the  MATHS and ALGORITHM LAB located?","Where is the  MATHS&ALGORITHM LAB ?","Where is the  MATHS and ALGORITHM LAB ?","Where is the  AI&SIMULATION LAB ?","Where is the  AI and SIMULATION LAB ?"],
         "responses": [" MATHS&ALGORITHM LAB is in SF 201"],
         "context": [""]
        },
	{"tag": "AI&SIMULATION LAB",
         "patterns": ["Where is the  AI&SIMULATION LAB located?","Where is the  AI and SIMULATION LAB located?","Where is AI & SIMULATION LAB located?","Where is AI and SIMULATION LAB located?","Where is the  AI&SIMULATION LAB ?","Where is the  AI and SIMULATION LAB ?"],
         "responses": [" AI&SIMULATION LAB is in SF 202"],
         "context": [""]
        },
	{"tag": "PROJECT&COMPUTING LAB",
         "patterns": ["Where is the PROJECT&COMPUTING LAB  located?","Where is the PROJECT and COMPUTING LAB  located?","Where is PROJECT&COMPUTING LAB  located?","Where is PROJECT and COMPUTING LAB  located?","Where is the PROJECT&COMPUTING LAB ?","Where is the PROJECT and COMPUTING LAB?"],
         "responses": ["PROJECT&COMPUTING LAB is in SF 203"],
         "context": [""]
        },
	{"tag": "HARDWARE LAB & ELECTRICAL HOD ROOM ",
         "patterns": ["Where is the HARDWARE LAB & ELECTRICAL HOD ROOM located?","where is hardware lab?","where is electrical hod room?","Where is HARDWARE LAB & ELECTRICAL HOD ROOM located?"],
         "responses": ["HARDWARE LAB & ELECTRICAL HOD ROOM  is in SF 204"],
         "context": [""]
        },
	{"tag": "FACULTY ROOM",
         "patterns": ["Where is the FACULTY ROOM located?","where is faculty room?"],
         "responses": ["FACULTY ROOM is in SF 207"],
         "context": [""]
        },
	{"tag": "TRAINING AND PLACEMENT HEAD",
         "patterns": ["Where is the TRAINING AND PLACEMENT HEAD  located?","Where is the TRAINING AND PLACEMENT HEAD room?","Where is the TRAINING AND PLACEMENT room?"],
         "responses": ["TRAINING AND PLACEMENT HEAD is in SF 208"],
         "context": [""]
        },
	{"tag": "DATABASE LAB",
         "patterns": ["Where is the DATABASE LAB  located?","where is database lab?"],
         "responses": ["DATABASE LAB is in SF 209"],
         "context": [""]
        },
	{"tag": "SOFTWARE ENGINEERING LAB",
         "patterns": ["Where is the SOFTWARE ENGINEERING LAB  located?","where is software engineering lab?"],
         "responses": ["SOFTWARE ENGINEERING LAB is in SF 210"],
         "context": [""]
        },
	{"tag": "OPERATING SYSTEM",
         "patterns": ["Where is the OPERATING SYSTEM LAB  located?","where is operating system lab?","where is computer HOD room?","where is the computer HOD room?"],
         "responses": ["OPERATING SYSTEM LAB is in SF 211"],
         "context": [""]
        },
	
	{"tag": "INSTRUMENTATION LAB",
         "patterns": ["Where is the INSTRUMENTATION LAB  located?","where is instrumentation lab?"],
         "responses": ["INSTRUMENTATION LAB is in SF 212"],
         "context": [""]
        },
	{"tag": "MECHATRONICS LAB",
         "patterns": ["Where is the MECHATRONICS LAB  located?","where is mechatronics lab?"],
         "responses": ["MECHATRONICS LAB is in SF 213"],
         "context": [""]
        },
	
	{"tag": "MECHATRONICS HOD & CONTROL SYSTEM LAB",
         "patterns": ["Where is the MECHATRONICS HOD & CONTROL SYSTEM LAB located?","Where is the MECHATRONICS HOD and CONTROL SYSTEM LAB located?","Where is MECHATRONICS HOD & CONTROL SYSTEM LAB located?","Where is the MECHATRONICS HOD room?","Where is MECHATRONICS HOD room?","Where is the CONTROL SYSTEM LAB located?","Where is CONTROL SYSTEM LAB located?"],
         "responses": ["MECHATRONICS HOD & CONTROL SYSTEM LAB is in SF 214"],
         "context": [""]
        },
	{"tag": "PRINCIPAL ROOM&OFFICE",
         "patterns": ["Where is the PRINCIPAL ROOM  located?","Where is principal'office?","Where is the PRINCIPAL cabin located?"],
         "responses": ["PRINCIPAL ROOM is in SF 216"],
         "context": [""]
        },
	
	{"tag": "FE INCHARGE ROOM",
         "patterns": ["Where is the FE INCHARGE ROOM  located?","where is fe incharge room?","where is fe room?"],
         "responses": ["FE INCHARGE ROOM is in SF 218"],
         "context": [""]
        },
	
	{"tag": "ANALOG & DIGITAL ELECTRONICS ROOM",
         "patterns": ["Where is the ANALOG & DIGITAL ELECTRONICS ROOM located?","ANALOG & DIGITAL ELECTRONICS ROOM","ANALOG and DIGITAL ELECTRONICS ROOM","where is ANALOG & DIGITAL ELECTRONICS ROOM?","ANALOG and DIGITAL ELECTRONICS ROOM?"],
         "responses": ["ANALOG & DIGITAL ELECTRONICS ROOM is in SF 219"],
         "context": [""]
        },
	{"tag": "COMPUTER CENTER",
         "patterns": ["Where is the COMPUTER CENTER  located?","COMPUTER CENTER","where is the computer center?","where is computer center","center","centre","Where is the COMPUTER CENTRE located?","COMPUTER CENTRE","where is the computer centre?","where is computer centre"],
         "responses": ["COMPUTER CENTER is in SF 220"],
         "context": [""]
        },
	{"tag": "LIBRARY",
         "patterns": ["Where is the LIBRARY located?","library","where is library","where is the library?","Can you show me where is the library?"],
         "responses": ["LIBRARY is in SF 221"],
         "context": [""]
        },
	{"tag": "washroom",
         "patterns": ["Where are the washrooms?","where is the washroom?","washroom","washrooms","where is washroom?","where are washrooms?","where is the washroom located?","where are the washrooms located?"],
         "responses": ["On first floor next to UG 104 & on second floor next to SF 207 & on ground floor move left from canteen "],
         "context": [""]
        },
	{"tag": "lift",
         "patterns": ["Where are the lifts?","what about the lifts?","How many lifts are there?","lifts","lift"],
         "responses": ["There are total 6 lifts in the college premises. 3 lifts on either sides of the college entrance."],
         "context": [""]
        }
	
	
	
	
         
   ]
}
